[
    {
        "Lookup": [
            {
                "name": "CyberChef",
                "link": "https://gchq.github.io/CyberChef/#input=[[value]]",
                "functions": [
                    "base64"
                ]
            },
            {
                "name": "Google",
                "link": "https://www.google.com/search?q=[[value]]"
            },
            {
                "name": "Virus Total IP",
                "link": "https://www.virustotal.com/#/ip-address/[[value]]"
            },
            {
                "name": "Virus Total Domain",
                "link": "https://www.virustotal.com/#/domain/[[value]]"
            },
            {
                "name": "Virus Total SHA256",
                "link": "https://www.virustotal.com/#/file/[[value]]/detection"
            },
            {
                "name": "Elastic Graph",
                "link": "/app/graph#/home?_g=()"
            },
            {
                "name": "Anomali Threatstream Search",
                "link": "https://ui.threatstream.com/search?status=active&multiSearchResults=true&value__re=.*[[value]].*"
            },
            {
                "name": "Anomali Enterprise Alert Details",
                "link": "https://a1490.dp.socprime.com:8080/ki/#/dbview/alerts_db?_a=(query:(query_string:(analyze_wildcard:!t,query:'[[value]]')))"
            },
            {
                "name": "Anomali Enterprise Retrospective Search",
                "link": "https://a1490.dp.socprime.com:8080/ki/?#/search?forensic=[[value]]&to=now&from=now-1d"
            },
            {
                "name": "Anomali Enterprise Explore",
                "link": "https://a1490.dp.socprime.com:8080/ki/?#/pivot?pivot=[[value]]&to=now&from=now-1d"
            }
        ]
    },
    {
        "Respond": [
            {
                "name": "Anomali threatstream",
                "link": "https://ui.threatstream.com/settings?action=email"
            },
            {
                "Block IP": [
                    {
                        "name": "Firewall Office MicroTik",
                        "command": "/opt/scripts/drop_ip_microtik.sh 10.10.14.172 0 add [[value]] admin 'password'"
                    },
                    {
                        "name": "Firewall Palo Alto",
                        "command": "/usr/bin/python2.7 /opt/scripts/pan_fw_dynamic_ip_tag.py --ip_addr [[value]]"
                    }
                ]
            },
            {
                "Service Now": [
                    {
                        "name": "Create Ticket",
                        "command": "echo \"Ticket was added - [[value]]\""
                    },
                    {
                        "name": "Update Ticket",
                        "command": "echo \"Ticket was updated - [[value]]\""
                    }
                ]
            },
            {
                "name": "Blacklist IP",
                "command": "echo \"Blacklist IP - [[value]]\""
            },
            {
                "name": "Blacklist IP range",
                "command": "echo \"Blacklist IP range - [[value]]\""
            },
            {
                "name": "Blacklist URL",
                "command": "echo \"Blacklist URL - [[value]]\""
            },
            {
                "name": "Blacklist Domain",
                "command": "echo \"Blacklist Domain - [[value]]\""
            },
            {
                "name": "Block Port",
                "command": "echo \"Block Port - [[value]]\""
            },
            {
                "name": "Block IOC list",
                "command": "echo \"Block IOC list - [[value]]\""
            },
            {
                "name": "Disable Account",
                "command": "echo \"Disable Account - [[value]]\""
            },
            {
                "name": "Lockout Account",
                "command": "echo \"Lockout Account - [[value]]\""
            },
            {
                "name": "Delete Account",
                "command": "echo \"Delete Account - [[value]]\""
            },
            {
                "name": "Reset Password",
                "command": "echo \"Reset Password - [[value]]\""
            },
            {
                "name": "Revoke Certificate",
                "command": "echo \"Revoke Certificate - [[value]]\""
            },
            {
                "name": "Isolate Endpoint",
                "command": "echo \"Isolate Endpoint - [[value]]\""
            },
            {
                "name": "Re-image Endpoint",
                "command": "echo \"Re-image Endpoint - [[value]]\""
            },
            {
                "name": "Delete File",
                "command": "echo \"Delete File - [[value]]\""
            },
            {
                "name": "Delete Email",
                "command": "echo \"Delete Email - [[value]]\""
            },
            {
                "name": "Stop Process",
                "command": "echo \"Stop Process - [[value]]\""
            },
            {
                "name": "Disable Service",
                "command": "echo \"Disable Service - [[value]]\""
            },
            {
                "name": "Uninstall Software",
                "command": "echo \"Uninstall Software - [[value]]\""
            },
            {
                "name": "Create Ticket",
                "command": "echo \"Create Ticket - [[value]]\""
            },
            {
                "name": "Update Ticket",
                "command": "echo \"Update Ticket - [[value]]\""
            },
            {
                "name": "Launch Scan",
                "command": "echo \"Launch Scan - [[value]]\""
            }
        ]
    },
    {
        "Analyze": [
            {
                "name": "Virus Total",
                "command": "/usr/bin/python2.7 /opt/scripts/data_enrichment_vt_check.py --field_value \"[[value]]\""
            },
            {
                "name": "URLSCAN.IO",
                "command": "/opt/scripts/urlscanio.sh \"[[value]]\""
            },
            {
                "name": "Anomali Threatstream",
                "command": "/usr/bin/python2.7 /opt/scripts/anomali_find_ioc/anomali_find_ioc.py -i [[value]]"
            },
            {
                "name": "Detonate File",
                "command": "echo \"File was processed - [[value]]\""
            },
            {
                "name": "Detonate URL",
                "command": "echo \"URL was processed - [[value]]\""
            }
        ]
    }
]
